Number_of_Tellers,Arrival_Interval,Service_Time_Avg,Average_Wait_Time
3,7.533450674076059,6.601456351819648,0.22637227575664953
3,7.052033182337388,12.50150036448979,0.8777076582823938
3,7.1924279527700605,5.057894647387378,0.0051387696224830925
2,5.814696373025553,5.596230806998637,1.4257152848155925
1,4.419830796348761,11.235890713172537,158.693645640136
3,4.785084711907773,11.51345810805756,10.193867619893746
1,4.782486216195732,11.698852332589869,137.19721028677648
2,8.453235161127655,5.799656081511077,1.3379428031127465
1,2.4532700902329587,14.327717899585924,128.07747612813725
4,7.057982060485336,11.427453868493163,0.21815967569478428
2,2.410024237288975,13.864232036490526,136.97538016491268
5,6.919512768117141,5.665118774653552,0.0
2,5.094220866534267,8.231776342920856,5.080503000250564
4,5.019867960566215,5.15273733554869,0.1468436653319933
1,9.093133679034125,12.830788948081478,129.17649966241262
2,3.3290759158789367,11.210721972366303,105.69514231417806
5,5.956757684160333,9.988160115082437,0.0
4,4.3897243818507885,14.100374533679352,8.89447307238587
2,6.917084024309252,7.306482922193633,1.1703247364107876
2,4.653248031920553,8.116523886003447,14.161557271324474
5,3.75097696261109,11.207484966279312,2.285063333554646
5,3.337154248798142,14.185587909768469,2.3745363222480718
5,7.915743511564004,8.774972115451018,0.008299905320062898
5,5.6627201977728,11.270745880747057,0.1845644129649391
3,5.733546191291032,13.653855945907546,11.111724511768665
1,9.505126935555797,8.476403908359675,13.114721468508394
5,4.017324280303702,14.05498939561279,1.772746289200888
4,9.939727395141098,12.507480122754687,0.15089805541851434
2,6.57159188670908,14.84573786635237,49.02974755271039
1,8.76791649758043,10.44624866571119,121.1705842011061
4,3.310858361261343,6.699963787354596,0.43569365659958936
4,3.935242336042001,9.501555900098325,0.45443907669216016
4,5.348726731766029,13.001001660352962,4.925378682778758
4,6.064877750996456,6.167815760479298,0.04315988402741612
4,9.932554807705824,11.124991368389768,0.0070356455442937005
2,4.675491152740663,12.196465217854136,88.14483595185683
2,4.571397423993553,7.228181532393477,12.262042258500763
1,3.8931240328286902,11.585162466192497,70.40221567809918
3,8.149835186845596,8.345251180146699,1.0911959103765012
2,5.486128829920168,8.60397467024314,9.085705207394897
3,7.608736386988973,9.7469461358018,0.054758343285996845
1,4.931899153387928,6.6844350683157305,84.38100755811124
1,4.729987620809461,7.611559227901525,166.62649382963377
4,7.945330461324051,7.373123024612777,0.1250408550106289
4,9.686413157018947,13.838464435634947,0.5639576183979442
5,2.9742911953245503,6.407338368985299,0.44425573874108637
3,7.776252839295641,7.143873726057418,0.09858704094254825
5,8.113518489402246,14.79842200232488,0.29943621039387575
4,3.2673795161983135,11.54645585437498,1.4053793280594928
4,3.48342477518739,5.430811826808388,0.5771102220847727
4,5.999699401060608,13.354120227433505,0.19044571994552054
1,9.619385309159897,7.661357637780295,18.921040360526604
5,6.720201748952593,11.09678981535755,0.0
5,7.623576004133573,13.957607706661602,0.24833495019860116
1,3.8517268071835735,14.549594224750091,226.587585029689
5,3.427622712131889,9.704222498542858,0.4851304692643983
5,4.120767827886906,8.479067343410694,0.4780475272006828
2,7.718095884072899,11.248510489962438,4.346913803423368
2,5.642873031846737,9.085457284295526,6.323154413957182
1,6.177112369790283,8.877999280767819,126.75868812680952
3,3.8407298892190145,6.394909830912638,1.4837080728998824
1,4.531101334262463,6.882487812978089,120.20054043657612
3,4.664600270153508,8.11408208234692,1.9525283816931578
5,6.507092041189084,14.185254266869743,0.07582008792046914
4,4.754476861138753,11.862032318271872,0.9683121256960565
4,8.791708315644069,13.162032205411142,0.7090382944149245
3,9.890742203009232,9.777349420885407,0.0
2,2.49099736500089,12.46685942838657,134.86436206172618
4,9.043145613975154,10.887826900513645,0.0
3,7.66849394558055,12.748526224608996,1.6393591761496547
5,5.107198354037149,10.027408977520178,0.0
3,3.2650314616727636,13.53000636025044,58.31081412180788
2,5.11292124928389,5.919481493018859,2.358323756819173
1,9.302103453354782,5.895930853842098,4.584817142185127
4,7.341563428563338,7.5003994551433575,0.059974738682468526
2,4.319039750715659,14.996565602192007,110.5865806182711
3,3.372337598541388,13.573477518048856,19.049117985050735
3,6.799009725072393,10.417313700984735,1.2519083762999785
4,5.476503059167902,10.408483893366022,0.19786030260661194
1,6.744449676571783,11.972884860264609,81.6770057692415
4,5.894212366089118,5.8793833776002336,0.0003053900353440679
1,7.371722317606638,11.90938303482205,99.31737105279474
5,9.464099621338008,7.948313445051642,0.0
5,7.0021443456789605,6.106633524115962,0.0
1,6.257955332529292,9.609987531623329,100.31290925719358
2,5.476658580578137,13.683292231249528,25.65459397802411
2,4.767786483921014,9.445207269255274,32.23467836613764
3,4.432961651860046,5.272677994715181,0.15820193684742218
1,4.990168053686757,7.646933050691757,79.77603009270132
2,4.975346648875771,12.228474130401601,49.52658674783039
5,7.2273962947160015,7.554346403792197,0.0
3,4.284429131264966,10.094768430506974,3.370326625262334
5,4.438213080662191,12.940786794733468,1.547178311044826
1,4.503302470731106,9.315750716391493,91.06439256351686
4,5.904545227238504,7.231924811708556,0.17398460241800356
2,4.500470864941165,8.775241073213856,30.643610461698366
3,4.054338378605146,11.139975909537561,14.674538271280088
4,2.986944722927591,12.908866395280592,7.157315219333948
1,4.670691360453729,8.790193534502254,127.06791971407844
2,5.894673639264024,7.231907816995555,1.2166815604319265
3,3.178456036136674,7.557638766829075,1.9876045357113474
4,3.033245818545625,11.153401806496175,18.28775797389796
5,3.826518415551309,11.320847647282372,4.212475892681813
5,8.269967577766312,10.747927263669393,0.0009878919769693625
3,4.849191264324616,5.043096686538609,0.02885605508339391
5,7.795835495637016,5.147965027591811,0.0
2,6.992981693607116,10.360386374657317,7.3119790504342
3,8.549220722236951,8.781894980027776,0.1256852369557485
1,9.463643271466674,14.459667309812614,78.61332775114855
2,8.4605955574169,13.234926026895987,7.982589875883947
1,8.296144437155768,7.139787230850265,6.2236541624769774
4,5.1544797556053705,11.390743959021563,0.3031361187290231
1,5.347315968356807,6.134029275417312,19.668201782498947
3,9.048097883359107,9.312884449655446,0.8026464115982846
1,2.0498983970109945,13.31066768793394,179.2925835495621
5,3.1944668424355624,12.270925423321334,4.036150937727823
5,9.780965480460898,8.11793850704158,0.0
1,7.66802644496391,14.007684279077843,118.736713899086
4,8.168175893191528,6.3700991187112646,0.0
2,9.789620374121345,6.96262390087054,0.7394051914958136
5,2.6602687591568293,11.051721164523707,9.972292435880481
3,7.852653372038768,10.980074456061871,1.3539851698571765
5,5.240231709277063,14.533632962623907,2.401047212129595
5,2.446769201630663,11.429499796720131,13.40121120801971
3,9.420065022931492,6.34060876886804,0.23016334039239494
1,5.08075283031435,8.838160863891169,84.59146772447481
4,8.893426762067584,7.079302495475565,0.0
4,6.718811578765002,10.249072039509777,0.0629081295196276
3,4.24125347604085,5.850372980604316,0.4209048489032467
3,3.3034578595766675,11.084659797710566,39.57262354256657
4,5.1647958075706235,14.96069837475377,9.93406483235996
5,9.833142708323189,8.355493870922423,0.0
4,5.270333264287136,13.745451509742566,17.30916954369459
4,7.4697861002178705,5.1078911524238215,0.0
1,8.852082127011084,13.311026010929098,118.91709386975356
3,5.400209957126715,13.639655976467475,16.025122337010586
4,8.831768205471109,7.808238250461425,0.549008104653437
2,6.11117303029497,6.039573885693869,2.7300981166403147
4,3.4882379276216886,8.224839929467498,2.288202571031041
3,4.742593384580193,6.95273023379851,0.38990389397878067
1,7.962117934672644,5.5045626461403385,2.943855711589077
2,7.044748354790327,13.36501694190877,14.935868294197952
3,7.377464423101349,10.530381841483685,0.6259597228083538
5,9.35043391956682,8.06367855272188,0.0
4,5.699744404796705,10.762595020647602,0.15728646809484992
3,3.01214726434055,11.593526893184357,24.783885886157844
5,6.602001328368571,8.311450180463485,0.0
5,6.773687818227495,11.23570062543374,0.03223534362845441
2,5.837077795864998,11.52468986120259,19.498663818284623
4,8.37234188304878,10.3353216381986,0.1016960418073103
4,9.42500695994366,6.831624572074703,0.0
2,4.623543569665352,13.8523006563636,111.84911783880337
1,7.501736306185416,11.871461188287554,105.80087634985685
2,6.763932054402834,12.803095959644665,3.8053833462429543
5,5.4017063368948826,8.680306528203536,0.02377686780444771
4,8.426189794267529,8.528758518471617,0.0
2,8.699207450761378,11.57900493260934,1.695855530993354
2,4.387989556615255,9.154879740109372,16.004617939552993
5,2.401494497500943,11.34560627712862,16.648073040529997
2,3.371015128096018,14.06300201481513,148.12011309263164
3,3.0175730944248267,11.582624458998001,44.5969211585165
4,9.480474682583546,9.082848580383411,0.0
4,6.069617141999684,9.276169228774691,1.4340310907596485
1,4.31550403807198,13.757691591640974,133.61394774611568
2,7.831605497212053,10.398160110317585,2.402646143123294
3,9.377303461741004,10.771858898596363,0.1353103508105659
1,3.215995054657947,10.023080926200684,182.1984333575318
5,7.581986126347352,5.215682304414255,0.0
3,5.962878455416538,8.064436459098346,0.028137251356957615
5,5.361527593391319,7.604841688933871,0.012703867575117711
4,8.674346856162465,14.001149118796203,0.18804205600063198
2,3.2103904181280907,6.057233954504236,17.178993633162946
1,2.138839512949696,7.16223959406424,173.37511513428768
4,6.292759296256481,11.563582013133445,0.41391273469418427
2,2.3584666126401466,14.781031808857186,162.37059472782678
4,4.742977025845221,10.6104370389942,1.032061852259438
5,5.594421825385014,10.815885465942898,0.12087730695713124
1,9.882428531993572,7.9543182687885805,3.629753863995587
1,5.761368490624952,9.593235953157432,150.48075573047578
2,6.5340906123288205,13.832970839824714,15.099965110793633
4,4.905695488729645,5.0309032614774445,0.0
1,2.8313250366980673,13.685568164483588,187.0845897863985
2,6.310733530788149,5.289925394104279,1.5421220275802354
1,5.382228843665944,13.313987946516756,92.6048970888492
3,3.0650697875304864,13.531703546042086,56.29990609663533
5,3.6015246863510484,9.0959001789065,0.6775149310546659
5,3.235006293673245,13.188032344418442,3.4884894223901206
4,9.760925783803486,9.795908998596271,0.0
1,6.178762198947118,10.359748531183332,169.75411375259336
2,8.84623427086047,14.254184468468551,4.985224416306044
2,8.80603314350674,12.359292247239413,9.09371368672596
3,8.796735058316507,5.514397879090671,0.0
2,8.973448785248596,9.307189902799745,1.1393243472456402
3,2.1038749923692706,5.945167332121747,13.14652429063697
1,6.095276031124493,9.097517640576061,84.31891315903486
2,2.47725387925657,12.442308031178943,155.52172478877105
2,9.01306031176765,7.923683026602184,2.5201258649410074
3,3.3927680588857783,13.384287958549724,47.38574800983941
5,6.632585395835814,6.463853862853394,0.0
2,5.463417507999325,5.23107910637274,0.5212057673112535
3,8.702312655088907,5.858004599505345,0.016924936063221593
4,4.058877183541581,13.573109566870599,8.26706087653301
5,7.618485401754115,8.302477205053531,0.0
2,6.737042510061824,12.827182577267317,12.776393772032856
4,5.173706962929357,9.751783920958875,2.1516007110842863
5,2.519059232728936,12.892236093041188,7.206504932507234
4,4.841921251907846,13.985794821513338,4.6603810381784125
2,3.9894588854071884,14.619459668204835,115.41779768922748
4,8.719697765377479,11.484073082828491,0.0
5,8.938375492614437,14.342441272080682,0.8331997697395629
3,7.940161127588661,12.101200083711559,0.349102729437326
3,8.638391167673507,8.063261410911123,0.0
1,5.848041655294232,8.377577725271037,99.36810455840482
5,6.507828327705872,6.383426407179567,0.03667800869672296
2,7.172971332609371,10.533071433086086,14.02005883852674
2,5.599214955270729,9.355662354732003,14.492419772382174
3,8.241654617406361,10.728160702998757,0.7029570921307831
1,9.097817113657047,10.293607245228257,38.016391805024526
1,8.477609002926972,12.334746684703067,75.7910688593516
4,3.010575215265222,8.623213865305274,1.6785510176907215
4,2.3554644051604816,13.894464546460593,33.67155515708023
2,3.0626699142628846,8.356448750577922,57.08968413834584
4,9.667189824806604,9.810922447031924,0.0
2,6.136978667181723,8.682236219033467,6.268074463288163
3,4.9593014949374306,8.092146665563535,0.2155698278486159
2,9.139093669959763,7.1134988516900535,0.7109193560015007
2,7.412647119740818,7.12978280236502,1.6845215620991025
3,6.251179040899699,13.133739718861149,3.8208257414126434
5,7.927846237174953,8.202483635658112,0.016998052754388482
2,5.136178124976341,5.370295968117888,0.9362675262383382
1,3.5686526860583445,9.466671825898386,148.1971403878015
5,8.555321677628037,8.3370116157365,0.0006100926236718487
3,2.0731603217820256,5.889048591202259,17.48832165287656
1,9.916728266977781,13.43738578084668,113.62074118331529
3,4.607613118028257,8.916369118151641,3.115976484265032
4,5.998299047365075,5.678726517109816,0.0
3,7.997426520913342,7.978918599033791,0.0
5,7.6057424821399335,10.659574107876681,0.10425072861272873
1,2.8679407287526812,10.792910697194094,148.6239873232952
4,4.218915254269905,9.414657952869472,0.9236777431585875
4,7.983328083322187,12.861360142531632,0.0043201117780211
5,2.5090575628703666,6.985562516788493,0.4151972492795353
4,4.3665092619305526,13.110336497342468,35.687150757725625
3,6.046189707680578,9.812287088065936,2.4359219796273446
3,6.089461489810058,11.571209741284848,0.7049766029041751
3,8.149403310794522,12.706884361992246,2.6395470334030553
3,2.014105851984225,14.720854493701745,128.2924116903024
5,6.747928018916484,12.850058589840135,0.8192807834301125
1,7.3649796935427485,8.51142769603717,54.16354592118075
1,9.821066244400608,6.459523844969308,7.898503463606814
2,3.5260312647023264,6.890360216142368,24.978000070251504
2,4.867953754626881,7.064317078771407,7.295069742629779
1,2.111607131440591,8.564747016737275,142.6272635026084
5,4.717511496435502,9.305241004337505,0.00152209387602
4,4.889548514018458,9.030207778157921,0.48353245992605165
1,4.691269275210387,10.844819149563167,137.87071314722394
2,5.079710400609861,8.476820586253865,13.118810522979384
2,9.769275142358772,5.578083226251095,1.255240666094047
1,4.542795108305975,6.499042830785072,72.79721382635915
4,2.5371332997131715,11.001241702853717,11.31935085791721
1,7.950787166374908,7.765584799253228,23.08812737844185
3,4.958179474558674,14.36736643748718,26.74404148930158
3,5.718980707380175,8.365213088660319,0.15402242804397565
5,4.353756590913022,10.268979005202793,0.0011596478791886414
5,3.763046083464129,5.520947034000593,0.008023643137855457
4,7.4632072848949145,9.572030412584034,0.0
2,8.991307362127706,11.142568177231304,5.273506073901301
5,6.458307828572751,5.586106538119927,0.0
1,3.7026395931112575,5.947172961652569,96.08510818391176
4,6.724297236045425,11.433611114161263,0.06890251963651331
4,5.56124028416878,6.774371621326915,0.061454140623740695
1,8.977793868848806,8.315174527508175,20.77021794050493
4,6.235796810743711,12.240189683792781,0.22558569939041662
2,7.897483314597325,5.136510506751701,0.6042471150945997
2,7.345032983402035,12.427220220633863,8.78205781478232
1,3.907622743919969,9.5095738081063,142.0754940653898
1,9.44418482793785,14.19169427608442,46.35466625678148
4,8.018201143278885,12.491053780904624,0.16297998434052904
3,2.4872733875775683,10.59441043066543,77.265736359336
1,4.063160914323079,7.654885583161198,51.698770497652845
1,6.169100357958803,8.962574853793601,24.16948656261777
4,5.139036149674847,10.02634775114617,0.6767331393551268
5,8.049082266013592,5.34207130388063,0.0
2,5.475293416868273,12.392834921299317,10.559786324630622
5,5.33167896553847,13.858313702485743,0.26864639945348595
3,6.8386547863280045,8.86835480550236,0.4591318097634007
3,6.416347163130641,5.811066534061276,0.03262468940189424
4,5.075842338955067,9.35998311116127,0.25091179842206085
3,7.7330011582983795,8.98430193824047,0.9600946462429003
1,4.637957423647214,13.766461174225652,149.2552710408474
1,4.818114517675853,9.253334542883017,51.71659665013395
1,8.763150423391444,14.834373865563022,124.31854680436462
3,2.006513144076263,10.55219502287986,136.76860099180294
3,9.727153559724902,9.541138756324628,0.06534653266935811
4,4.294276405730094,11.552502479750629,2.4849976210663294
4,3.4101602770814807,6.955086373088998,0.41036621880729657
3,3.8781991188545124,10.386264164601645,25.47876517549289
2,9.713840022747142,6.6118017031596965,0.43141364419356915
1,3.0091178963705296,5.934379703926246,162.96877404601278
2,8.193178061887584,12.501294461559064,6.088765276217593
2,9.727253187561516,13.280144773203647,3.377828166408398
4,8.63260515198719,13.731574358678088,0.09939289034166324
3,9.619594558341749,11.8428552141616,0.0528733191596884
3,9.477535419271867,6.038608134934473,0.0
3,8.206537735817676,9.526310778204795,1.2769057730845923
3,5.8268870351810635,8.691510457406265,2.1767041553589657
3,5.860336897687817,5.262605819315736,0.10485327538610387
4,5.964060441750038,5.454349065988874,0.03514999212313667
5,6.3382668486467875,13.695393213113775,1.9279148655358076
5,3.6399923441761883,9.339559845257405,0.06842745568976596
5,4.517527262333441,10.022426202145843,0.0001280236930222566
2,6.498699606927356,11.04147964853683,17.079286254880785
5,4.990560747906202,11.196681167479847,0.0
2,7.909714179231752,7.434369972593582,0.49131125575226564
2,4.413606609151517,7.42535874431953,12.965987833620936
3,5.173835843892982,13.640867543449719,1.7283342519377374
1,8.714576147671316,11.702165123114131,65.18968512435927
5,5.225510729248432,7.912141499802407,0.01854378174074292
2,5.1486214475517755,10.515647496672711,7.037460987921499
2,9.214325009578058,7.116679866925296,2.6979795610784776
1,8.004470034188273,10.062984069142583,73.80987036428736
4,7.552733753201205,7.688275499003679,0.0
1,9.241822242735577,5.948854839782434,8.062554685494153
1,8.780841072776699,11.538077780510193,88.64034628989998
1,6.399727584954939,13.99040451869136,82.74030704216317
4,2.1591209131033784,12.691121454934425,86.77349955026322
4,3.6636282281692525,8.024962471714097,0.1217939824127586
5,9.166799265465245,14.335170129143522,0.0
1,9.262083083088589,14.38812165647536,99.56898066164494
5,6.780581279229877,11.526351243191392,0.03578998135947359
1,6.3926313340526315,12.699335236481623,112.02503620377418
2,6.579067564215869,12.41379276297571,5.437552904065653
4,2.3300268111029956,12.47034923353631,32.20162092719552
3,9.05574993024224,11.963875146763375,1.919846727934724
3,5.51577573725355,7.471119305449041,0.555708090316473
2,5.7228827764264105,8.002043392942644,9.535315046348877
2,8.61653177408236,10.545492247414531,7.711961448767037
1,5.862675711504264,5.324263387657718,10.978583118805727
4,9.455100344113607,5.259071264126537,0.0
2,8.00315189533675,8.882007155690367,2.6422525764851383
4,8.784321604569095,10.78796826826459,0.06236977207959991
2,6.188340147056848,14.430947577142097,54.61821356288071
4,2.6680482355314874,5.9527220510850665,0.11376517036308564
4,5.029198218388471,9.20996144940177,0.9098731219426384
1,4.5022626231046035,6.264976687331623,53.9943572327298
1,8.495551480894399,8.664671311480383,83.82220510228883
1,6.626725200993948,11.06509327729426,44.73888077864093
1,7.8368794537517905,12.32690829536817,148.04906536257812
3,7.451056776010123,5.550697134457611,0.2473756275809672
1,5.222118709133399,9.961477407783153,63.6661898940396
4,6.982211841994482,7.572228724291716,0.025369288942725794
1,5.504597590082386,5.758100506678407,28.66016298788786
1,4.332662244672572,12.776948231782718,158.87562389798066
5,9.405098362291882,6.9518787708503105,0.0
3,9.969167728099501,14.680376733208703,0.30775516394241675
5,6.933717056304549,5.992511555318016,0.0
1,5.986337126426146,5.18324342152396,8.209487474170746
3,2.537845043083845,8.41433679905299,7.212277891375341
4,8.279633032958804,12.722958895811747,0.11244925324469665
4,2.747303373463361,8.091173924468134,0.49275759336117786
2,8.950363452316372,10.620396491918836,9.17779876467145
5,7.699525844058632,14.045467668658567,0.011646458456542191
3,8.136010173342765,13.654378990481055,2.0197015760778
1,8.539808994317326,7.442860071542348,70.9121886335744
3,3.8926531443227326,7.992477930154717,2.8684587773525854
3,2.3071351374787605,14.58589213798302,145.86894182409515
5,2.827148174207184,12.682731755618502,15.508803143746407
1,5.188813338032786,12.598393553394338,164.19834127310094
4,2.1140590019696033,11.923141807587037,26.919074194872895
2,8.442625213502069,7.414240186023741,2.2432719348797607
5,7.2838730029077645,14.27877447373054,0.0
3,5.313070835429803,8.70275353078233,1.7848951562679736
2,2.8386086531140045,13.879447510018158,129.56456091068245
5,6.918492701262441,9.063186953650199,0.0
1,8.661865205733106,7.196115003427654,4.053592782259224
4,2.4269740258824593,11.828133296290968,60.408548585236574
2,8.793146270780113,13.090601618628131,10.583686170336234
3,3.005718012748339,6.25297232390235,3.509078978396716
2,6.886509223171568,10.331608370972932,9.596251595116803
2,4.947785448710911,13.57734122027946,25.205950856801472
3,6.5516129152648075,9.562382332111097,0.7843702349357414
3,2.528919313819199,10.076862098931402,37.721050399194674
4,3.9570944065546314,14.067395108678596,5.097610632500482
2,8.15081994844746,8.573618214466249,5.719386131488834
5,4.437171008721158,5.0467289385843594,0.0
5,2.1750084004506496,13.22668107942628,41.499028414498554
4,3.715602928285498,7.157308047118475,1.0402779423999071
3,9.454826200394407,12.342387107686253,0.5743437192029897
2,2.2144887463836698,13.821155029640922,175.54329313205557
1,8.874557137606146,6.720115041135194,5.316572634503975
2,8.341571271417752,11.275183114944792,2.1036468244684396
3,3.7392091369212626,13.207945617952582,28.874079891744834
5,5.942583621784057,14.65365148476203,0.2894707262972978
2,2.6852408615156422,13.326322753992367,146.3399370044257
4,3.729229132390751,9.13465712095695,1.9055602246932888
5,8.14601611154525,11.11871861271952,0.0
2,9.222099809196239,5.447530903038613,0.00413673900785139
4,2.633184551628105,13.083285035295832,29.29856576105754
5,6.601943239047914,5.399861763102539,0.0
1,2.1278737064513793,12.523712544729126,212.6699761315281
3,3.6488407809702963,8.04181691217758,4.197743971497898
2,8.08572312382346,13.755256709253826,18.140670936408544
1,8.748381845894638,13.07830603601414,26.041445226347317
3,8.847449281830274,6.642249481826844,0.16662158145533543
1,5.231820899859524,10.45276930871296,131.03455428496528
2,7.2111181241763145,14.65151518192817,39.63936865647394
3,3.8122396458982157,6.255287471495389,2.0103632583809103
5,8.468089135514251,12.505871314545862,0.0
4,8.816011029276059,13.903126714330456,0.0
5,3.1006251087197345,5.730462327597133,0.031235028991801698
2,2.595551765586131,5.901973561414364,27.951691985064112
2,4.358517725529885,6.281998038976779,9.652924335599959
5,7.290968538540278,12.968198668690196,0.040514923665006475
2,6.807178036489736,12.767119865346807,20.8564993810212
4,2.2459345875460555,9.098560254832524,16.35635017992561
1,5.8543231390170165,10.39576120824581,70.49792993654218
2,9.648245115884617,11.224737611344219,30.201218507341714
1,6.517831888398611,8.50746508010662,18.74954717075111
4,4.01768724914038,6.246821804286031,0.0300328534110108
4,2.141375438563413,12.298487011040566,68.39282919284803
5,5.624846773318535,11.999032219128765,0.24152560855924043
1,3.0465268155616076,10.145267111552876,171.1788028124528
4,4.392101955827492,7.447453141398007,0.01009768176490179
3,3.911431877490825,12.261198289545048,12.95621669614905
3,2.546005659329075,6.891331365892299,28.553275574005966
4,4.21953721403257,10.701606446906634,2.84532671159437
2,9.251121213579106,14.302636082240467,6.509430537474525
3,3.806090663205304,9.016159544399102,8.97149417731987
4,8.264048875533536,11.034171059351753,0.04359259773207155
1,6.532502828085972,5.1985730037805675,6.872904259385909
2,5.616491218919966,11.39114017103184,9.937029337016071
4,8.461985870408002,14.88430065501248,0.0
3,5.29552826857608,13.566045948910073,3.856515533001781
3,9.836793864250183,12.354814810502942,0.1037302132823676
3,6.2094649898938545,11.937217208800398,4.506305210646312
2,6.728423584621994,7.825911086159902,10.197860894932267
3,9.631173567040715,7.317790953898065,0.025045556047439497
1,9.872374545521648,5.2889931987884,6.293822842390054
5,6.8885825758620465,12.600867436543231,0.0
5,7.892361913488154,9.538097864793764,0.0
5,9.232278841001456,14.471102558550575,0.0
4,4.0697164518416145,14.637136075083738,10.031150268407881
2,8.558133896240328,11.826504129573788,2.3941057165732245
2,7.165466254383732,11.065662720487818,3.892762634457619
4,8.282344345369625,14.348487453341898,0.6729346301430084
3,2.6265203706875946,5.441970176461219,0.8484346368024807
1,2.6835308593447733,6.825226532918006,127.15550885649434
4,4.702717507429233,12.152920258305922,2.703659763791086
4,7.278671356012913,13.692291025543987,1.3736085400235631
4,3.7286821005206816,13.821478083806545,16.95337361026171
5,9.761519437358707,10.92024113846729,0.05716103411475808
1,6.949875972135782,6.26810316159165,32.559103953662486
5,8.264239453294664,11.644024671295714,0.0
3,5.480426448327637,9.177267716419877,1.106038101000417
2,7.852534992514502,6.257913534894669,0.5717474568219512
4,9.370823323891853,12.965926859735477,0.0
2,2.477622752125959,5.509770408579805,51.11880358265673
5,8.077492542162517,7.006608487733636,0.0
5,8.622952949189873,6.748467561121087,0.0
2,3.700453832460597,13.772478632477489,107.04741690891841
3,8.690090431173243,13.714360574820333,2.6730306647668685
4,6.285246153175396,11.106979205447958,0.6244370047267463
3,9.328427555250492,7.733982186837726,0.0
1,3.677710382977338,14.56014189875004,203.74132225734667
4,7.152393687733103,6.545557241052601,0.0
4,3.7189683295938964,10.624071097942391,1.8941077982540724
2,3.7547044584537232,7.146838390940811,10.728721119540056
4,4.621422397233443,11.641606796836786,0.5772587616269906
5,6.771719199204324,9.903465156072393,0.09374561572215802
1,9.518506560325001,12.00097015423872,116.57634936617669
5,7.639614602651575,9.626330658266465,0.0
4,5.027725787588723,7.476047697237545,0.0
4,7.7110049048427145,7.007779568739284,0.0
3,5.379748245833163,8.768953011086472,5.670805210214252
2,4.962423295377342,10.536005694833737,10.18190564540234
2,6.498657954600904,5.980549251469364,2.307693127897618
3,5.751239804916967,10.771650137667883,0.8945722231966504
5,2.349856158961603,8.519178549721122,0.7562701469578698
1,4.778574570553279,10.00859245954235,166.54436842919455
4,6.995232235462028,9.518746547097496,0.041524719566951696
4,8.777526590353725,10.140391223026484,0.0
4,7.857624940766295,6.636653641910467,0.0
4,9.392147933543807,12.624578648363658,0.20580235552150522
2,5.389784413387458,6.797159179749873,0.9738727922848153
1,5.723973060986875,7.143391859038541,42.22375013385349
1,2.6268817460888236,12.386416853601336,201.5791495235134
1,7.469071043895995,11.838539783117824,129.37644387580767
2,9.632010727451906,12.826151581979381,6.549295541059546
2,5.345118486617942,11.615429847332514,17.02760763041493
1,8.22723725547825,9.490137661587477,26.611106869122505
4,3.058440581680782,8.132785037400563,1.618126463717759
2,8.761520709388364,7.284757529412179,2.14902243028654
4,3.3276791032965347,8.423370322130143,1.5743611270640887
3,6.760444102336575,8.54833571459468,3.618537803811126
2,9.091302212483235,14.705868933510406,7.669541402290836
2,9.081788188395713,9.212359096140307,1.306851061864416
3,6.939175334605537,10.596737979356359,0.08895012990754032
1,6.961398706894532,6.524831926437117,48.20407726722969
4,8.204246762070722,14.499611851416196,0.6657250618151167
1,6.359401482204744,8.646041528682726,85.05740362264096
1,4.232279326627111,13.269829341351674,183.38778689970874
1,6.296825516645074,10.308919002981066,71.52000576957433
2,7.396738253467072,11.500149937561101,5.974559173207622
4,8.001784976774742,8.720671508915725,0.0
2,5.3074240454360195,14.413227535659805,58.939563820650356
3,3.796583262453683,14.223709784285203,35.86416731579831
3,5.242383534200455,9.585810226493843,2.32795452329617
3,3.319388349617137,14.59094082474531,133.4035153692025
4,4.795065124684499,7.282915418567656,0.00842978087467814
1,2.823147546460656,6.177216892405513,127.68314601178753
2,8.774668609408675,13.282462372135885,10.1982560579085
4,3.351036089855259,9.733775845218974,4.542743952488998
1,4.228514594804784,11.624057120838373,117.33183579172123
3,5.288579916926903,10.808963362314799,14.719471150064818
4,2.4003658218480277,6.014834935194426,1.7492686698877375
1,6.390461975680358,7.496921521501986,94.86918938238962
4,6.141996369924722,5.861811156537398,0.0
5,5.453672508265547,7.547952856428854,0.014977391126185948
5,2.324751576870068,5.48206369516725,0.240639960766308
5,2.826259197627868,14.34326785017653,45.702052780916105
1,4.147842681842766,13.470006035866241,158.49312730491073
4,7.9448033353348775,8.09961343255225,0.016537601278621
2,9.445100113616748,10.969427648159098,3.182763804994727
3,8.651898634590484,9.991868605042281,0.08490935990944791
3,7.603165916019083,6.733780973381101,0.028928505538148994
3,7.586494786103544,13.914407457007222,2.417467208785279
1,8.180701002833215,10.972851068053775,38.00014565301949
3,5.412863546886574,8.086942635889121,1.2763491331005157
4,7.176190900554966,14.565978228183166,0.17904337335800694
3,6.711558102261459,11.33498931661836,0.22286363292712502
3,7.661823023147133,5.957734515601728,0.19366258905642678
2,3.938599317185825,13.863640444296317,120.18579856842798
4,7.558587810721116,6.727899649435578,0.0
3,4.537601616009999,8.30920434461233,1.0983230244801405
1,6.711132074411871,10.236492594036502,79.9881652353133
2,2.209965331839477,12.85441096575657,117.20526196017416
1,9.48947998845977,6.62775418609212,4.787097679210573
4,9.838655622660585,11.207791669580292,0.0
4,6.263839527621318,11.883035870226957,0.8611591142250382
2,2.2705421543858053,8.784000681666718,124.64740534405223
2,9.129596155636587,7.9909000818706435,2.4859454883606387
2,5.535492166967174,6.751940355940458,9.097986739079074
2,8.225105523409372,11.08067208388972,6.628458140416161
2,7.633865317169831,12.097166826322113,8.710137138840706
3,9.637526464755503,8.114277712430276,0.20829976904908465
5,4.212723391332181,10.643151756170116,0.5188361196562977
3,8.156764748607001,10.54629319146234,0.538592871481196
2,3.480803455529987,6.498980199958488,29.433246007043973
5,6.761651589668457,9.520768223896816,0.0025982749438573666
5,7.315475274071972,14.756334490803383,0.0
4,5.577492888872666,14.86202244538153,1.6291041738408492
5,2.3397163741332827,11.822732466919554,8.550165825066495
4,4.344205413165284,12.001625896402004,4.2596990995627015
1,7.237444510254443,8.170878815775517,21.808983644749976
1,7.6999170724386055,8.619407221688332,45.61902396419348
3,8.736780149576392,14.458165845158806,0.7133242275823992
1,3.063485137063263,9.499905934471267,166.43514223476987
3,4.487490582120029,11.783568118256685,19.929141539181803
3,9.452691991844656,12.253768778925295,1.0043686992272494
3,9.655086439530159,13.488416803721844,2.1875953181665415
2,9.949620693716806,14.071372476481677,19.337303402251223
5,4.274142270745299,6.2565895282124995,0.04009340730075195
2,7.5343365122679025,10.114053104285997,3.8367315669175337
5,9.788039272759129,14.3756714931575,0.0
3,6.813299131060761,11.042429341684144,1.0434528972262105
5,4.092155381870607,13.316988574344027,1.993724316534717
1,2.9572901727303336,10.089788234725939,160.99717768634616
3,3.451530012588348,5.950566272090315,0.6566320265198008
5,2.8384988284709074,12.27341845552855,7.757317893815433
4,4.456691087036627,13.076657801488023,0.6428681888068463
2,8.681859683063735,11.229909049664027,8.007765123563347
1,9.231792918019684,10.16742020867632,16.3115638373019
4,2.6223200447459547,13.9085962126865,55.92012637717849
4,2.7011050825328526,11.282785972087009,6.367493200675066
3,2.550189626609882,14.128094859559049,118.6560891395897
3,8.279845839249232,6.244716364759864,0.0
3,2.3265286370915446,13.171634566756055,115.59583973959627
2,7.198134441355317,10.948414833181541,0.7781189679508237
4,3.1127191486621006,12.947898817860711,62.84737208857758
4,7.603158830202207,12.113327628246921,0.05282238104080669
3,8.147724211105235,14.209817508852087,5.73827933158203
4,4.571114326305734,5.754905917263454,0.12766404614919122
1,3.776492039249387,9.910847588782275,148.9557857456391
1,9.417744376760982,9.342388886448015,23.52550293134868
1,4.2870719025207755,6.537996682804232,65.58929522277022
2,5.608059533289483,12.23185143749896,28.680785617358303
4,3.936839510493738,5.5127620682529805,0.026394762030887947
5,9.74625308437918,6.743648752731711,0.0
3,6.424693015646117,14.716680510439478,4.805319740934205
1,4.753994733949907,11.304532603860824,107.93254970299265
1,2.3972817106919706,7.129366515953588,185.97190668823936
4,6.777544573985731,12.028532772236211,0.5556767977890015
3,9.569238071061552,10.044228744185137,0.0035294748352489805
1,9.288899861546895,5.169229585826712,2.423664620044693
5,8.5905541636666,13.488024021968645,0.0
4,6.705076177463435,10.127539011374626,0.0
2,3.7597117505525848,9.922791314290208,39.84076255873
1,7.57227484972773,10.825472925127473,61.10917974639988
4,6.2089201062800425,8.147378825437928,0.0
2,6.436836174758033,6.57350230410148,1.7007673548065754
5,4.164007660241188,8.833442329105207,0.2098552292386437
3,5.005196826481568,10.939973152745406,7.163331601207463
5,5.87235867198542,14.713156536654356,0.05438109267657206
1,7.170236581640595,9.962070657887,51.03386292662501
2,6.965431275759627,10.613302248713044,10.79326454496639
4,3.107084875209809,10.221043645251289,7.252615974887873
1,6.499626126000604,13.002822986753767,111.79564323597802
5,8.480547924080643,13.15700330825152,0.0
5,7.182915798807505,5.5581599263269945,0.0
4,7.156427645806378,6.4092156306560515,0.0030229679767833553
5,7.474995517978416,11.141865644245897,0.40800158551529675
5,3.0762731581341747,12.074880558206283,2.4581165924084334
3,4.01429891622146,9.932664936610355,7.541814270528306
4,3.420448225787248,8.557647031638805,2.110269102128399
2,9.71623921600512,9.232328024970226,4.120710501951205
5,8.202643116078324,8.491692687667072,0.0
2,2.287551384592984,13.626841660197492,154.59915664730158
1,7.364264572430401,11.143832328323025,56.443276727896496
2,4.067787372325351,14.712142599978668,129.7570707648318
5,9.479182105466407,10.927632026687384,0.0
3,8.078233254292337,11.61863294088377,0.9992870049172339
2,2.5850060270689452,11.300901578913198,114.12905510231289
1,6.6361056623995935,8.639680941298968,56.27525828776867
2,6.76465971175576,13.737665018674116,5.731214860615901
2,7.3871920006573415,10.540374410567058,4.609612903995331
4,6.901162634334482,14.902836481886178,0.39063114739183913
3,7.135762121479687,11.357211513593526,0.19604667534838072
4,2.7320850535216215,6.959084759440555,0.5809932914772468
3,9.922769201439081,7.792325319266473,0.05045283323351444
5,2.3830514366945463,10.721939204315806,2.333862950492848
5,6.856163404178523,7.433253440346636,0.0
1,2.3520889549017694,9.307539777018137,142.8239991915241
3,4.862919437216244,6.104439677777353,0.1427910464831781
4,4.013111388494085,7.781291825466483,0.9755929465532794
3,3.7156711311031563,12.660384012732191,85.7302310596984
1,9.606073623714547,11.131888981567585,53.85653439111684
5,5.5654652533345255,14.671930091259256,0.11098146290004011
3,8.458211517320837,10.082576450637816,2.2209803063119957
4,7.568028057438217,6.387905402728126,0.04438045127985836
3,7.187403758887101,14.334697358337325,3.6094532377354187
2,3.5417943616332206,11.982804064028173,118.29154597740809
1,5.30061563596597,9.714058943711107,174.40296560852113
2,9.678667118695142,10.504752114182207,5.393651691601794
1,4.936617192353784,11.810544687909243,140.11384135158676
4,8.04013385959005,8.828610754368817,0.0
1,7.959462277096763,13.692249631493624,88.70022814256313
2,6.933579595328266,12.091741008709498,4.088838966538981
3,9.20621340226917,7.724866940264098,0.01127262776006606
5,9.848810126504677,6.173376779548676,0.0
3,6.1463739396456845,12.366533583274979,2.671143102658637
1,3.3888099366480526,7.574567441966603,131.43395424033807
5,6.132649992823223,10.952753644287991,0.015082253481238027
2,3.9028876573134497,7.7612482723731935,26.709514013198174
2,2.0886212954310537,6.286957157970917,80.50952989986975
5,8.985319596869566,7.02954509336749,0.0
3,7.882502834142452,13.316552820594286,0.263877269155092
1,5.123591464354356,8.874925543476166,74.31601936223667
1,2.9073654773206012,13.960355907249895,201.95932110229256
4,6.575671553241391,12.990007081571783,0.3388931228549069
5,3.0641477319695873,6.193999251293852,0.18679618985561658
2,4.873271338472192,6.937024286427106,3.173805596964306
3,9.280174974046538,14.911583478278658,1.1695124063554438
2,5.494333713130272,14.834945345001932,51.34942919699039
5,8.775412119354243,9.50702751679719,0.0
1,4.113856432949073,12.550684418953304,162.18535183434082
5,3.3211544923526066,12.817899019285248,1.6793343867089572
2,8.608395000691779,14.69274561503495,7.0098973776353315
1,6.679959476371879,13.849658877668935,107.0119529576856
5,6.77767645638765,9.463114491135727,0.0
4,5.098409426847607,14.480611849607259,2.8339057237833494
1,9.436120132617155,9.696698315642939,31.452944630819903
2,6.8685930892018305,14.199110588708178,27.737890101050404
1,2.2983412803126324,14.216756569785568,210.08190446341186
4,8.344119191042942,10.326115441720418,0.047464202763036714
5,2.6987537691036625,11.637858632855757,5.6781215725374805
2,4.220221430128418,11.450977061151779,43.934285859727176
2,2.5875341883485206,7.57143257742745,71.76578116586948
3,5.354941068905272,9.781319755092476,1.1471744871469076
1,3.5357882382208876,13.386974548368084,110.02833124075231
3,2.422808654768647,6.934843006577474,33.27364106113714
1,9.371183319586914,12.822676276492876,56.01996538844828
3,8.673960601094269,13.974547676109287,1.2971181131095881
4,6.2859890273375845,8.288248857335663,0.541637764207194
4,2.4006069915449926,8.722723213749868,27.17389761471017
3,7.024458617548482,7.443344297082869,0.17756042362824298
5,2.8180416319133776,6.471901565640774,0.11231349486470565
2,3.132531700179455,7.945729295619975,71.8763917369586
3,8.78385538552277,9.981747576390621,3.797259452957773
5,9.085042278593725,6.87127250867798,0.0
4,7.525703740658177,9.869014953360033,0.0020010740769390183
1,7.421609912044306,9.315407495507117,16.719630024621164
5,5.264538135991157,7.92062166392823,0.015856813383945647
1,9.368982139417184,9.526869928259146,10.391816751044043
4,9.825859958197587,9.798334904772348,0.0
4,6.027559043333411,13.429179329551966,3.386968153212923
4,3.415638494169192,9.829935883427261,1.3408526612614304
1,4.7041405268245775,9.18754556435409,145.13175664015802
4,3.543389919277524,13.01931909538412,12.86454501083396
4,8.607249813250435,9.251881456609352,0.18268369320940833
3,3.361384177428225,8.746418004262429,16.056952062151645
2,6.690240438715204,13.096501802533588,5.192189549534659
3,4.031815452528822,11.832456306934741,6.707277931178561
4,5.933022904542696,10.603519584512444,0.303267192628439
4,7.367460449869479,5.578256314285324,0.0
5,9.00514422609076,9.550946979451663,0.0
2,8.818449050639309,9.102414071553387,5.9038996035381714
4,6.465826318937479,13.503817754400158,0.22229952254968366
2,8.345775312635288,9.727897330461238,1.7010006576038736
1,3.5496981919853354,7.382373341176054,163.4972902969084
5,9.360360882600407,11.161662841727917,0.0
5,4.666584590348649,5.672417209766691,0.0
5,4.435052189875694,12.832180344067353,1.0036336417386071
3,3.7632872289129624,8.160123322018466,1.907341896516665
1,5.5034932426574255,13.123286822431385,93.28625047121297
3,7.7360670038656485,5.564475311895274,0.050786002559135186
3,3.448826866154114,14.98501032891643,112.93829906850547
5,6.829510578564061,7.539970678142762,0.0
2,3.7079071061084905,5.020708327991638,1.8329689825198483
4,2.4803023570013556,12.67398053910831,45.069446795130396
5,6.272658148491114,8.239019570156582,0.0
5,7.213197377804125,12.932660925670685,0.0
1,2.7810750241897466,10.017330818587482,156.2067493272202
1,9.95325499593112,12.786332741170042,139.56405739027903
1,2.9199810578301317,9.702552393910208,145.7665131108675
1,6.966252999955214,12.970500875997587,68.4736396424279
3,4.897779789404442,6.915987934725426,0.11130658416362606
5,6.922636434770897,6.469094964031335,0.0
4,3.2346550891616888,7.61937257429124,0.74321054719904
3,4.046681618156828,11.614914833239762,7.224961130066313
3,3.081968570947148,11.566864333509873,34.85764437660871
4,7.331303067784641,14.693248228079339,0.02536966232550681
2,9.757484361448618,13.907143470680046,5.3973735089341766
1,3.5261095287553603,9.412878111512196,150.96557745644373
5,6.378169938423964,7.772654526915554,0.0
2,3.7740856793936945,8.004396874947576,98.95799802159408
3,7.820423660794584,14.194840532868477,0.525552869614698
1,4.63368564583371,10.638712614007378,173.409897904359
3,3.292632477570387,7.8008710606821055,2.055952566825687
4,7.7991838631987624,6.266099449916194,0.0
2,3.4562051321130918,12.261479411334442,64.62454234368757
4,7.291449936689718,8.227958195148553,0.16504137520145074
3,8.97429495073354,14.393297167585855,1.23645953425969
5,9.883087047990667,5.897455764506011,0.0
2,5.815191637096865,10.032294972652158,6.180299989695136
4,9.189671936746985,14.881643889940246,0.0
1,2.1525747273743283,7.318739818967011,167.06005632492588
5,4.714247290257552,8.128784019523685,0.026477050506049468
1,9.031961668902646,10.028295371978716,41.412456696039634
2,5.6764530908559045,6.081396011484562,2.976701745238373
5,3.0849932780637896,8.001408227091119,0.19152850274330932
1,8.99867254009316,14.850933203578837,72.8346169478076
5,2.2555591543619355,7.965263629686055,1.1824001707180067
5,9.687774217225574,14.59887987194413,0.0
5,9.173489035781984,10.471813533693823,0.0
1,9.835580338961682,7.661633537468276,23.755595235545233
4,7.877124660413328,7.397722781244238,0.20061290391883851
5,8.735352283389687,11.644322025566037,0.0
3,4.890516705217197,10.281775913160256,12.766553962044675
4,4.525770612866722,9.02515315275658,1.2177158208796768
5,9.661925608078494,7.51244799121803,0.0
2,7.119044794824017,9.377223076591992,8.292493702053287
2,6.125532239303238,5.641538312686707,0.4269864242112488
3,2.363770924359975,13.52429584220559,124.82844745444743
3,3.562056465102313,9.105539402750018,4.250832491076224
3,5.461159966509783,14.472879252103628,24.258410261063116
5,9.681175608845848,10.361425042504603,0.22466147178050405
5,2.3803326202811315,11.431164632416689,17.365096430147187
5,3.701759244456973,7.586461512371927,0.01449795015179846
5,7.098376939561551,7.648020851621274,0.0
1,7.966815699860406,10.431538969909774,61.579190677251226
3,9.613752117053146,7.262494309485468,0.0
5,3.7586173884470675,6.565704617549636,0.04606194576321586
5,6.834127558596318,6.0690677620501186,0.0
2,6.162085082488291,5.835290906189793,1.404853986369566
2,5.9117404530460576,6.471927491311736,1.5997113545426944
4,4.589751969496786,7.930231175336032,0.07439298459895229
5,2.704220129876287,11.491353069908069,3.724255102926043
5,9.901018807692253,7.206460374858066,0.0
4,7.638452007170119,12.454027214100492,0.2524785690147566
3,4.23366156479502,14.771151025281018,48.19902079552129
1,3.344716700549516,13.706941053370626,210.77408102308578
5,9.049985646086235,11.899636458149045,0.0
1,9.296281676585899,13.251009611188461,74.60238645555299
5,3.5548598283244726,8.869581255578483,0.18131645219271345
1,2.187041350491458,14.525302943526574,168.79238978477272
1,8.300814099872486,6.276265346791256,12.77922528953964
1,8.336452805245319,10.6238505865595,109.71187854788232
5,9.612336579442635,14.758240934191335,0.4706668732802598
2,2.5549597709827587,5.152738928763178,15.406097833207141
3,4.367815847101873,11.727747244502378,2.982157830132995
1,2.8508409094284675,6.244490728462454,161.04371269372785
3,8.550327282770906,7.156596218534542,0.2826884515931484
1,4.583560704632502,11.951663040330057,176.1395855889717
1,5.252160628308805,6.933556200091068,71.85872115785081
2,3.6288219450074912,10.896581507752288,62.142785398338155
1,4.488782979569256,9.901975428125404,123.5626149049846
3,4.08067834215105,5.945608013176429,0.40830003542283516
4,3.332539740437385,14.84460091242436,35.195650174057306
4,5.001442620626086,10.13401594916493,0.35801196971657956
5,9.447574230441003,9.85137707392564,0.0
1,2.501816857856311,12.783791234173679,209.23690990545353
3,5.642845845435691,6.058323435330115,0.010887358925634603
3,4.8111485372921745,6.734999579034955,0.9132162782322594
3,6.327302070136936,9.932325909389938,1.1423151309366866
2,2.502561623119555,12.231043928706917,128.404585298446
5,6.600487293347011,13.236984971412332,0.036613046911918266
3,7.622005622562333,10.685696331696125,0.551132310721712
5,6.758590257933984,14.575460951772715,0.24934514849840864
3,6.283210870114715,11.506663177682448,3.4063402561880696
3,5.646739575789608,11.150302268201896,0.777344420290499
5,9.738295053272019,14.32824757819688,0.06066530683066042
4,6.959088240593587,14.931672698234408,1.0628456326083788
5,8.183453499762852,12.605246645243614,2.9259861565379213
4,9.796941114128504,7.510424197385479,0.2868048373039996
4,3.4046562613318194,11.893021563283728,4.660108245109138
4,8.327547449146733,7.455350783783654,0.0
3,7.411696957564956,12.034985368280681,2.8033911150575617
1,2.1517173590342225,13.26298016332205,212.56897624811003
1,2.3149211086282673,5.243445322069594,93.09909623998357
4,4.336525527515501,8.453986885522973,1.00918181611748
5,7.787484916147813,5.59659734026016,0.0
5,4.798659457702745,9.738615787895435,0.25064585570150705
3,9.314150496736715,6.987717786175325,0.09711199241499262
1,4.792935456594521,13.965360956739127,162.21707192536454
5,7.560238499780297,9.672633400275146,0.013388392017776316
3,6.434623218118069,14.688466264124793,1.4828189362092679
3,9.917392812732755,11.497279360829559,0.5098455594433989
3,3.954218470148696,7.966113801061113,6.543648640436403
1,5.8630971357639865,10.280143292070228,148.22871832002375
5,5.8969729121420835,5.401434867947859,0.013098478649297543
4,9.634513996460011,6.8574865168011865,0.0
3,7.90418477069826,5.692879072879426,0.018495830214946926
3,9.348460385123925,13.29478860199848,0.4219221777437277
5,2.2474699492243184,13.618135842934414,44.745536660479026
4,4.323138844504979,13.89326355185494,11.425557558933557
2,9.296602783977077,9.20615199348654,2.196294482222726
4,8.382759802196812,6.2504947865222915,0.008176156054233705
4,2.0119336579435005,6.575494301271711,4.432368535349677
4,4.6862289745203265,8.80440601774615,0.7482761203483271
5,6.210632529888063,13.09767397327917,0.09830577040702475
2,9.239533312090053,7.270720716555062,0.4900054167160553
2,4.970745491602222,11.167871911338096,23.679660857059886
1,3.914771425961245,8.654801322428003,116.4714308409804
4,8.481883241595327,7.040247814626152,0.03168052829718342
2,8.629448468680202,9.735045734873218,0.716935807560372
1,5.234182343058323,9.99650538505243,126.21068564113027
3,8.940145499496438,14.167333217489455,3.6588415717161724
1,9.343394499547932,12.924233713210178,75.87439032355303
4,6.677038975895191,9.115518303760151,0.5263657679696746
1,3.1317646998455793,7.322107507792523,149.1581730184771
5,4.564700343995978,8.693783679626545,0.18980229225540937
1,2.4938637693269943,12.670900598724353,215.21298595838442
1,7.267081237998012,8.613285092367153,27.405928482344773
1,6.073151044749651,5.29075684427406,9.37547581432101
3,5.063874171691548,12.623454204009803,20.039285136191342
5,3.645652690053513,5.429276447324314,0.15194180722382924
3,8.590028195812579,13.289931548891358,2.7077401194756385
3,2.412946835417303,11.843150501380022,107.49341415545275
5,3.990342081555495,5.827796774574166,0.01990211555793187
5,2.751999150921482,9.525643292778,2.283584792154006
3,8.77352082246195,5.297874391312282,0.0
4,3.082785090405892,13.561916516651733,33.9646492756042
2,9.233033959104796,7.7505956707785115,1.4302959692621304
3,8.889750567982606,13.70064980585399,1.4927373832608481
3,7.865584341845845,9.704625477216085,0.3459212789750494
5,4.8960378927175014,9.581342718656659,0.0908537175206512
1,9.519796216810317,12.957384125513194,29.223424778801416
3,5.035321066066246,14.677439446034866,2.2117936039285673
1,9.577506097622475,13.326613621218364,32.66766146295864
3,2.0860603702013494,7.872783129791719,97.85275331033307
5,7.0524496053215096,9.961910618865833,0.0
4,4.7835470051701,11.707821890299824,2.749051983179711
2,7.062182989583418,8.275940466097431,2.7686812851819216
5,5.497313855328237,12.287823188731156,0.2571053410969284
3,8.031677803106591,8.504581636333286,1.8086760231904884
2,2.2996324124511114,9.508240466643876,98.50102157923035
5,6.690311844411953,10.163592696555998,0.014420425245014176
4,5.906357048708885,8.150561515249668,0.19406130542145694
2,2.309788006225806,10.68823645805411,116.27572073280652
3,9.155090537671144,7.467870308684822,0.028612035880442477
5,9.775537163847947,11.393827215539176,0.0
5,7.568139437784218,13.342479267915387,0.0
2,6.698003775490805,9.049317662387647,4.3485103159971406
4,3.1582965151369997,11.32143131969243,30.146024305683078
2,5.45632687518506,9.342761139073982,4.717139616838239
2,3.6059289780823267,8.88882533080634,77.29851864078543
2,5.486212617472639,10.348475443196415,28.384509284493763
2,6.572522079760145,5.203272592365165,0.6827805838464388
2,4.356391387412103,10.80674166244922,7.925561356327998
3,9.256052040206107,7.518394430898393,0.0
3,2.1090526207144347,14.219458678325235,175.67131164145638
4,7.448724878751073,8.613709042158062,0.036267650180468534
4,4.441879621327415,12.897047444676062,4.429116817244098
2,9.953644055667656,9.956647788147757,7.9854665872818416
1,4.156626756879626,13.704088440658847,186.61815327030854
5,3.2263710238959202,10.795752450524198,0.6051739413373431
4,7.577319914911979,6.002631497709329,0.0
1,7.817631614249581,12.370311259119374,91.9852110399065
1,2.117622619147017,9.893903918453663,181.23719571758332
5,8.530804314360392,14.741390221872818,0.0
5,4.177918949526611,14.147788130466424,6.453413254767098
5,9.354630440254537,11.219951814273966,0.0
1,9.87440149863579,6.1581514177978125,2.523617942984785
4,7.925421535209763,7.771669154576173,0.5712702223011368
1,4.487083470485645,8.569551082910642,94.81352112690571
2,7.841949066233808,7.704908108016987,2.8385742145946047
2,6.670223333474744,14.447723061171658,26.461127178573186
1,3.556316603635687,13.311296291544549,154.0162849828684
1,6.619925583961046,12.13499701903229,136.67331953428365
3,9.6742729102053,8.045489287854592,0.025705339784216057
5,8.048364531627762,6.657168831123341,0.0
1,5.551736178865505,13.845553407765156,157.56266298248636
2,8.655676298369901,6.441250831670056,0.9789550071192824
5,8.467399408823065,10.154751209442082,0.0
2,5.05549479419375,5.0582215871379645,1.1585239443774886
1,4.198895577695448,13.572130821052488,171.55141043305522
3,9.00283335377905,7.514290445044532,0.04468392909914053
4,9.152440878381565,13.741187172304468,0.21309465911835396
2,9.647716577955881,6.5677299842552985,0.06905888095995524
5,7.713758339981412,12.370683402803628,0.4921851703639897
3,9.939355064982234,7.142535310905151,0.005931018394791653
1,8.091301310626013,6.580101781440618,6.8852447929763025
4,4.659549453276409,12.512880271726777,0.37033481357596876
2,5.774550419473026,13.787054429119204,34.58069953963629
3,2.386335556608496,11.618104590298085,97.66681107269788
5,7.974990198056121,14.039209996407978,0.0
2,2.487394858409779,11.2459509892936,124.5763835477065
2,9.056042681405868,7.590164737786743,0.6220579899860962
1,8.462067227727069,13.21517185157903,77.7257624012676
4,4.015928000393258,9.894272232064218,0.45008981947952575
5,6.467659654344577,8.178138254848779,0.0
5,7.595120997402009,7.876197228379549,0.0
5,3.951068601671965,5.369242713476848,0.0
4,2.6367395518281045,14.007198190174874,71.3790577664119
5,8.661166929031044,6.7759473116142726,0.016937089773364278
5,3.5346513739839516,13.303395851932745,1.98085834271458
3,8.409749989378867,14.018648465368047,5.566166528376243
2,6.125269448800443,14.84368344998144,46.593718738033765
1,4.093965864753194,5.8767676431476,35.15812413582702
5,2.949245053914491,9.317639079716109,0.3308094766450969
2,2.027268078257171,5.944377428252286,58.937638168792276
3,6.7423347769275574,11.119727416027665,1.7950204046083835
1,2.92399524525029,7.883508892056024,169.839347807597
3,8.850186850214152,9.492562686248611,0.03644401985278831
4,4.161381226647599,6.945168994989012,0.010591016837904796
3,2.4368086701912777,7.530778546931303,5.622352985590043
5,7.041145787170992,6.625641493450651,0.0
1,5.000034616598542,12.175306241803222,95.62979662699854
4,7.044420908007049,5.738942327639868,0.0
2,5.5225511958406415,5.539531479498182,1.0767004378566616
5,6.043700819069222,7.565170745600099,0.0
5,2.3197161632094687,13.687418093903416,22.770890334549346
2,4.108576151221419,6.585814242076761,2.8235535339006104
1,6.507777056479763,8.158212919940443,53.301967457568395
5,2.7746749165399196,11.376149860218973,15.343447002348686
2,2.052800473806008,12.872624262574224,187.02274698004814
4,3.151940678523795,6.85648743638187,0.3982956994777459
4,9.44884277912642,7.390933830039435,0.0
3,9.463321365411975,7.944007124291726,0.0
2,7.561415450224872,14.054460270451445,6.199797668370035
2,8.830869854043303,7.921660633297308,2.8199287357405654
5,3.3351484277724355,9.935759970342506,0.7109151904740998
1,7.4156373324474005,11.527395081447157,47.85100111579496
2,5.730938134842996,8.863480586813704,17.128691940823
2,2.633051686958133,10.798911857054616,142.04633386036815
4,5.257085381082221,11.207029001213254,0.19050235503829266
2,2.7675458283805874,14.301086855564728,141.96506836735625
3,6.1924341005783035,8.140278042658498,2.2777976138073153
4,4.856975788617155,10.15924718894074,0.58029348875193
1,6.070844142315372,7.70105879600008,109.24789990445247
3,6.39205438796775,9.111109271689003,2.2633220847810893
5,6.053168469218876,7.497118654121266,0.0
4,4.007526051015716,11.63048320775068,3.5503088443434687
5,8.313527326565106,5.296537874097594,0.0
1,8.163503763726222,6.696824819793154,14.020665497846641
3,7.06173734782604,14.246771964563086,2.8325597407872984
5,9.714365651755443,11.887953315429494,0.0
1,9.037769582628258,10.986559447188537,62.060876046736546
2,8.886261485009587,9.638577995362976,2.8562568321424235
3,7.021693275281606,7.042510594473396,0.6641978382722985
5,9.472039410024927,11.52231811858316,0.0
1,8.283611102629642,12.019221664783117,82.54479803200037
1,5.453129776416513,6.053673340699381,36.51810252913558
4,4.006185279106608,14.60527904109088,3.3645427973757047
3,4.437983052146976,13.902602531584327,35.937140094564285
5,6.499351855935743,12.982324591005648,0.12821102675715715
5,9.905411197177273,10.87200114764731,0.0
3,7.31571733781778,9.845063346726562,0.2744761282934986
3,5.697993109934002,5.265972089138674,0.05025134385995828
5,4.856079839001141,13.415426185059594,0.22003885458224262
3,3.9069192350671837,12.657871670066045,30.20599650354915
5,2.7897766350455075,13.89572550436848,5.206793608134092
1,4.2049435028794235,9.885370722483843,162.3556218075802
1,6.875685385372134,13.862119170984005,190.61473681884289
2,9.819247719258055,13.594094195694135,4.210899771165283
2,4.382649731548612,6.959123022889906,8.953092493174978
3,4.457622687853105,6.99237669814782,0.6460484041389049
1,9.167003727972062,12.355289064251503,110.29409768147691
3,3.9735974284449167,5.069333897798373,0.23970219558812475
2,6.939401213491514,11.579097708238876,11.720797747739343
